{
    "Default": {
        "buttons": {
            "cross": {
                "key": "return",
                "modifiers": {}
            },
            "circle": {
                "modifiers": {
                    "ctrl": false,
                    "opt": false,
                    "shift": false,
                    "cmd": false
                },
                "key": "left"
            },
            "options": {
                "bttnamekey": "ps4-1"
            }
        },
        "dpad": {
            "up": {
                "modifiers": {
                    "ctrl": false,
                    "opt": false,
                    "shift": false,
                    "cmd": false
                },
                "key": "up"
            },
            "down": {
                "key": "down",
                "modifiers": {}
            },
            "right": {
                "modifiers": {
                    "ctrl": false,
                    "opt": false,
                    "shift": false,
                    "cmd": false
                },
                "key": "right"
            },
            "left": {
                "modifiers": {
                    "ctrl": false,
                    "shift": false,
                    "cmd": false,
                    "opt": false
                },
                "key": "left"
            }
        }
    },
    "Adobe Lightroom Classic": {
        "buttons": {
            "square": {
                "modifiers": {
                    "ctrl": false,
                    "opt": false,
                    "shift": false,
                    "cmd": false
                },
                "key": "left"
            },
            "circle": {
                "modifiers": {
                    "ctrl": false,
                    "opt": false,
                    "shift": false,
                    "cmd": false
                },
                "key": "right"
            },
            "options": {
                "bttnamekey": "ps4-1"
            },
            "triangle": {
                "modifiers": {
                    "ctrl": true,
                    "opt": true,
                    "shift": false,
                    "cmd": false
                },
                "key": "s"
            }
        },
        "dpad": {
            "up": {
                "modifiers": {
                    "ctrl": false,
                    "opt": false,
                    "shift": false,
                    "cmd": false
                },
                "key": "left"
            }
        }
    },
    "Spark": {
        "buttons": {
            "square": {
                "modifiers": {
                    "ctrl": false,
                    "opt": false,
                    "shift": false,
                    "cmd": true
                },
                "key": "backspace"
            },
            "options": {
                "bttnamekey": "ps4-1"
            }
        },
        "dpad": {}
    }
}